[
  {
    "title": "لورم ایپسوم متن ساختگی با تولید سادگی",

    "quantity": 1,
    "imageUrl": "/Images/1606046.jpg",
    "properties": {
      "فصل": "تابستان",
      "رنگ" : "مشکی"
    },
    "transportation": "تیپاکس",
    "store": "آس پوشان",
    "price" : "1200000"
  },
  {
    "title": "لورم ایپسوم متن ساختگی با تولید سادگی",

    "quantity": 1,
    "imageUrl": "/Images/1606046.jpg",
    "properties": {
      "فصل": "تابستان",
      "رنگ" : "مشکی"
    },
    "transportation": "تیپاکس",
    "store": "آس پوشان",
    "price" : "1200000"
  }
]
