[
  {
    "name": "ادکلن بلو چنل",
    "productID": "2353473",
    "imageURL": "",
    "transportation": ["پست", "تیپاکس"],
    "quantity": "124",
    "category": ["پرفیوم", "تابستان"]
  },
  {
    "name": "ادکلن بلو چنل",
    "productID": "2353473",
    "imageURL": "",
    "transportation": ["پست", "تیپاکس"],
    "quantity": "124",
    "category": ["پرفیوم", "تابستان"]
  },
  {
    "name": "ادکلن بلو چنل",
    "productID": "2353473",
    "imageURL": "",
    "transportation": ["پست", "تیپاکس"],
    "quantity": "124",
    "category": ["پرفیوم", "تابستان"]
  },
  {
    "name": "ادکلن بلو چنل",
    "productID": "2353473",
    "imageURL": "",
    "transportation": ["پست", "تیپاکس"],
    "quantity": "124",
    "category": ["پرفیوم", "تابستان"]
  },
  {
    "name": "ادکلن بلو چنل",
    "productID": "2353473",
    "imageURL": "",
    "transportation": ["پست", "تیپاکس"],
    "quantity": "124",
    "category": ["پرفیوم", "تابستان"]
  },
  {
    "name": "ادکلن بلو چنل",
    "productID": "2353473",
    "imageURL": "",
    "transportation": ["پست", "تیپاکس"],
    "quantity": "124",
    "category": ["پرفیوم", "تابستان"]
  },
  {
    "name": "ادکلن بلو چنل",
    "productID": "2353473",
    "imageURL": "",
    "transportation": ["پست", "تیپاکس"],
    "quantity": "124",
    "category": ["پرفیوم", "تابستان"]
  },
  {
    "name": "ادکلن بلو چنل",
    "productID": "2353473",
    "imageURL": "",
    "transportation": ["پست", "تیپاکس"],
    "category": ["پرفیوم", "تابستان"],
    "quantity": "124"
  }
]
